yyyy,Index,D12,E12,bm,tbl,AAA,BAA,lty,cay,ntis,Rfree,infl,eqis,ltr,corpr,svar,csp,ik,CRSP_SPvw,CRSP_SPvwx,news,vix,diffdp,diffdy,diffde,difflty,diffbm,difftbl
1871,4.74,0.26,0.4,NaN,NaN,NaN,NaN,NaN,NaN,NaN,0.04961,NaN,NaN,NaN,NaN,NaN,NaN,NaN,NaN,NaN,NaN,NaN,NaN,NaN,NaN,NaN,NaN,NaN
1872,5.07,0.3,0.43,NaN,NaN,NaN,NaN,NaN,NaN,NaN,0.074134,NaN,NaN,NaN,NaN,NaN,NaN,NaN,NaN,NaN,NaN,NaN,0.0758,NaN,0.07078,NaN,NaN,NaN
1873,4.42,0.33,0.46,NaN,NaN,NaN,NaN,NaN,NaN,NaN,0.091715,NaN,NaN,NaN,NaN,NaN,NaN,NaN,NaN,NaN,NaN,NaN,0.2325113,0.02801,0.027869,NaN,NaN,NaN
1874,4.54,0.33,0.46,NaN,NaN,NaN,NaN,NaN,NaN,NaN,0.058314,NaN,NaN,NaN,NaN,NaN,NaN,NaN,NaN,NaN,NaN,NaN,-0.02679,0.1372011,0,NaN,NaN,NaN
1875,4.37,0.3,0.36,NaN,NaN,NaN,NaN,NaN,NaN,NaN,0.045897,NaN,NaN,NaN,NaN,NaN,NaN,NaN,NaN,NaN,NaN,NaN,-0.05715,-0.1220975,0.149812,NaN,NaN,NaN
1876,3.58,0.3,0.28,NaN,NaN,NaN,NaN,NaN,NaN,NaN,0.043973,NaN,NaN,NaN,NaN,NaN,NaN,NaN,NaN,NaN,NaN,NaN,0.1994002,0.03816,0.251314,NaN,NaN,NaN
1877,3.25,0.19,0.3,NaN,NaN,NaN,NaN,NaN,NaN,NaN,0.042278,NaN,NaN,NaN,NaN,NaN,NaN,NaN,NaN,NaN,NaN,NaN,-0.3600506,-0.2573582,-0.525751,NaN,NaN,NaN
1878,3.45,0.18,0.31,NaN,NaN,NaN,NaN,NaN,NaN,NaN,0.038657,NaN,NaN,NaN,NaN,NaN,NaN,NaN,NaN,NaN,NaN,NaN,-0.1137865,0.04264,-0.086857,NaN,NaN,NaN
1879,4.92,0.2,0.38,NaN,NaN,NaN,NaN,NaN,NaN,NaN,0.040892,NaN,NaN,NaN,NaN,NaN,NaN,NaN,NaN,NaN,NaN,NaN,-0.2495738,0.04564,-0.098238,NaN,NaN,NaN
1880,5.84,0.26,0.49,NaN,NaN,NaN,NaN,NaN,NaN,NaN,0.043404,NaN,NaN,NaN,NaN,NaN,NaN,NaN,NaN,NaN,NaN,NaN,0.09094,-0.09257,0.00813,NaN,NaN,NaN
1881,6.01,0.32,0.44,NaN,NaN,NaN,NaN,NaN,NaN,NaN,0.042232,NaN,NaN,NaN,NaN,NaN,NaN,NaN,NaN,NaN,NaN,NaN,0.1789454,0.03622,0.31527,NaN,NaN,NaN
1882,5.84,0.32,0.43,NaN,NaN,NaN,NaN,NaN,NaN,NaN,0.049152,NaN,NaN,NaN,NaN,NaN,NaN,NaN,NaN,NaN,NaN,NaN,0.02869,-0.02869,0.02299,NaN,NaN,NaN
1883,5.34,0.33,0.4,NaN,NaN,NaN,NaN,NaN,NaN,NaN,0.049154,NaN,NaN,NaN,NaN,NaN,NaN,NaN,NaN,NaN,NaN,NaN,0.1202768,0.05947,0.103092,NaN,NaN,NaN
1884,4.34,0.31,0.31,NaN,NaN,NaN,NaN,NaN,NaN,NaN,0.043679,NaN,NaN,NaN,NaN,NaN,NaN,NaN,NaN,NaN,NaN,NaN,0.1448309,0.02698,0.192372,NaN,NaN,NaN
1885,5.2,0.24,0.27,NaN,NaN,NaN,NaN,NaN,NaN,NaN,0.033202,NaN,NaN,NaN,NaN,0.023738903,NaN,NaN,NaN,NaN,NaN,NaN,-0.4367177,-0.04858,-0.117783,NaN,NaN,NaN
1886,5.64,0.22,0.33,NaN,NaN,NaN,NaN,NaN,NaN,NaN,0.036061,NaN,NaN,NaN,NaN,0.016458602,NaN,NaN,NaN,NaN,NaN,NaN,-0.1682368,-0.2677957,-0.287682,NaN,NaN,NaN
1887,5.27,0.25,0.36,NaN,NaN,NaN,NaN,NaN,NaN,NaN,0.048302,NaN,NaN,NaN,NaN,0.01829846,NaN,NaN,NaN,NaN,NaN,NaN,0.1956871,0.04661,0.040822,NaN,NaN,NaN
1888,5.14,0.23,0.26,NaN,NaN,NaN,NaN,NaN,NaN,NaN,0.042261,NaN,NaN,NaN,NaN,0.012850602,NaN,NaN,NaN,NaN,NaN,NaN,-0.0584,-0.01553,0.242041,NaN,NaN,NaN
1889,5.32,0.22,0.3,NaN,NaN,NaN,NaN,NaN,NaN,NaN,0.037429,NaN,NaN,NaN,NaN,0.006874038,NaN,NaN,NaN,NaN,NaN,NaN,-0.07887,-0.01947,-0.187553,NaN,NaN,NaN
1890,4.6,0.22,0.29,NaN,NaN,NaN,NaN,NaN,NaN,NaN,0.045899,NaN,NaN,NaN,NaN,0.022621059,NaN,NaN,NaN,NaN,NaN,NaN,0.145417,-0.03442,0.033902,NaN,NaN,NaN
1891,5.41,0.22,0.34,NaN,NaN,NaN,NaN,NaN,NaN,NaN,0.049378,NaN,NaN,NaN,NaN,0.016123532,NaN,NaN,NaN,NaN,NaN,NaN,-0.1621928,0.145417,-0.159065,NaN,NaN,NaN
1892,5.51,0.24,0.37,NaN,NaN,NaN,NaN,NaN,NaN,NaN,0.03252,NaN,NaN,NaN,NaN,0.01088616,NaN,NaN,NaN,NaN,NaN,NaN,0.0687,-0.07518,0.002454,NaN,NaN,NaN
1893,4.41,0.25,0.26,NaN,NaN,NaN,NaN,NaN,NaN,NaN,0.061334,NaN,NaN,NaN,NaN,0.05458439,NaN,NaN,NaN,NaN,NaN,NaN,0.2635119,0.02251,0.393643,NaN,NaN,NaN
1894,4.3,0.21,0.16,NaN,NaN,NaN,NaN,NaN,NaN,NaN,0.024408,NaN,NaN,NaN,NaN,0.016738738,NaN,NaN,NaN,NaN,NaN,NaN,-0.1490937,0.04834,0.311154,NaN,NaN,NaN
1895,4.32,0.19,0.25,NaN,NaN,NaN,NaN,NaN,NaN,NaN,0.025668,NaN,NaN,NaN,NaN,0.028689706,NaN,NaN,NaN,NaN,NaN,NaN,-0.1047238,-0.07482,-0.546371,NaN,NaN,NaN
1896,4.22,0.18,0.21,NaN,NaN,NaN,NaN,NaN,NaN,NaN,0.046288,NaN,NaN,NaN,NaN,0.046433235,NaN,NaN,NaN,NaN,NaN,NaN,-0.03065,-0.05871,0.120286,NaN,NaN,NaN
1897,4.75,0.18,0.31,NaN,NaN,NaN,NaN,NaN,NaN,NaN,0.027567,NaN,NaN,NaN,NaN,0.022751517,NaN,NaN,NaN,NaN,NaN,NaN,-0.1183095,0.02342,-0.389465,NaN,NaN,NaN
1898,5.65,0.2,0.35,NaN,NaN,NaN,NaN,NaN,NaN,NaN,0.030143,NaN,NaN,NaN,NaN,0.032424408,NaN,NaN,NaN,NaN,NaN,NaN,-0.06815,-0.01295,-0.016,NaN,NaN,NaN
1899,6.02,0.21,0.48,NaN,NaN,NaN,NaN,NaN,NaN,NaN,0.029507,NaN,NaN,NaN,NaN,0.027096542,NaN,NaN,NaN,NaN,NaN,NaN,-0.01464,-0.1247208,-0.267063,NaN,NaN,NaN
1900,6.87,0.3,0.48,NaN,NaN,NaN,NaN,NaN,NaN,NaN,0.037767,NaN,NaN,NaN,NaN,0.017160114,NaN,NaN,NaN,NaN,NaN,NaN,0.2245981,0.2932432,0.356675,NaN,NaN,NaN
1901,7.95,0.32,0.5,NaN,NaN,NaN,NaN,NaN,NaN,NaN,0.034588,NaN,NaN,NaN,NaN,0.037292987,NaN,NaN,NaN,NaN,NaN,NaN,-0.08147,-0.06754,0.023717,NaN,NaN,NaN
1902,8.05,0.33,0.63,NaN,NaN,NaN,NaN,NaN,NaN,NaN,0.039023,NaN,NaN,NaN,NaN,0.013393028,NaN,NaN,NaN,NaN,NaN,NaN,0.01827,-0.1152362,-0.20034,NaN,NaN,NaN
1903,6.57,0.35,0.53,NaN,NaN,NaN,NaN,NaN,NaN,NaN,0.046701,NaN,NaN,NaN,NaN,0.024745582,NaN,NaN,NaN,NaN,NaN,NaN,0.2619988,0.04634,0.231683,NaN,NaN,NaN
1904,8.25,0.31,0.49,NaN,NaN,NaN,NaN,NaN,NaN,NaN,0.037016,NaN,NaN,NaN,NaN,0.01266884,NaN,NaN,NaN,NaN,NaN,NaN,-0.3490602,0.0818,-0.042889,NaN,NaN,NaN
1905,9.54,0.33,0.67,NaN,NaN,NaN,NaN,NaN,NaN,NaN,0.033,NaN,NaN,NaN,NaN,0.015637005,NaN,NaN,NaN,NaN,NaN,NaN,-0.08276,-0.165179,-0.250352,NaN,NaN,NaN
1906,9.84,0.4,0.76,NaN,NaN,NaN,NaN,NaN,NaN,NaN,0.04718,NaN,NaN,NaN,NaN,0.017091924,NaN,NaN,NaN,NaN,NaN,NaN,0.1614097,0.04709,0.066331,NaN,NaN,NaN
1907,6.57,0.44,0.66,NaN,NaN,NaN,NaN,NaN,NaN,NaN,0.051266,NaN,NaN,NaN,NaN,0.047979057,NaN,NaN,NaN,NaN,NaN,NaN,0.4992521,0.06435,0.236389,NaN,NaN,NaN
1908,9.03,0.4,0.58,NaN,NaN,NaN,NaN,NaN,NaN,NaN,0.042991,NaN,NaN,NaN,NaN,0.020052109,NaN,NaN,NaN,NaN,NaN,NaN,-0.4133487,0.3086317,0.033902,NaN,NaN,NaN
1909,10.3,0.44,0.76,NaN,NaN,NaN,NaN,NaN,NaN,NaN,0.028697,NaN,NaN,NaN,NaN,0.010034856,NaN,NaN,NaN,NaN,NaN,NaN,-0.03628,-0.2227284,-0.17498,NaN,NaN,NaN
1910,9.05,0.47,0.73,NaN,NaN,NaN,NaN,NaN,NaN,NaN,0.040689,NaN,NaN,NaN,NaN,0.018907775,NaN,NaN,NaN,NaN,NaN,NaN,0.1953371,-0.06563,0.106232,NaN,NaN,NaN
1911,9.11,0.47,0.59,NaN,NaN,NaN,NaN,NaN,NaN,NaN,0.033204,NaN,NaN,NaN,NaN,0.007783574,NaN,NaN,NaN,NaN,NaN,NaN,-0.006608,0.1293791,0.212922,NaN,NaN,NaN
1912,9.38,0.48,0.7,NaN,NaN,NaN,NaN,NaN,NaN,NaN,0.036837,NaN,NaN,NaN,NaN,0.006454296,NaN,NaN,NaN,NaN,NaN,NaN,-0.008154,0.01445,-0.149904,NaN,NaN,NaN
1913,8.04,0.48,0.63,NaN,NaN,NaN,NaN,NaN,NaN,NaN,0.048444,NaN,NaN,NaN,NaN,0.010675343,NaN,NaN,NaN,NaN,NaN,NaN,0.1541507,-0.02921,0.105361,NaN,NaN,NaN
1914,7.35,0.42,0.52,NaN,NaN,NaN,NaN,NaN,NaN,NaN,0.040743,0.01,NaN,NaN,NaN,0.011600559,NaN,NaN,NaN,NaN,NaN,NaN,-0.0438,0.02062,0.05836,NaN,NaN,NaN
1915,9.48,0.43,0.88,NaN,NaN,NaN,NaN,NaN,NaN,NaN,0.028425,0.01980198,NaN,NaN,NaN,0.019104943,NaN,NaN,NaN,NaN,NaN,NaN,-0.2309535,0.1132593,-0.502563,NaN,NaN,NaN
1916,9.8,0.56,1.53,NaN,NaN,NaN,NaN,NaN,NaN,NaN,0.025152,0.126213592,NaN,NaN,NaN,0.017832474,NaN,NaN,NaN,NaN,NaN,NaN,0.2309535,0.009668,-0.28895,NaN,NaN,NaN
1917,6.8,0.69,1.28,NaN,NaN,NaN,NaN,NaN,NaN,NaN,0.036474,0.181034483,NaN,NaN,NaN,0.035561568,NaN,NaN,NaN,NaN,NaN,NaN,0.5742146,0.1755567,0.387162,NaN,NaN,NaN
1918,7.9,0.57,0.99,NaN,NaN,NaN,NaN,NaN,NaN,NaN,0.048008,0.204379562,NaN,NaN,NaN,0.015361258,NaN,NaN,NaN,NaN,NaN,NaN,-0.3409954,0.1744045,0.065855,NaN,NaN,NaN
1919,8.92,0.53,0.93,NaN,NaN,0.0573,0.0777,0.049,NaN,NaN,0.045351,0.145454546,NaN,NaN,NaN,0.024540792,NaN,NaN,NaN,NaN,NaN,NaN,-0.1941925,-0.2226995,-0.010239,NaN,NaN,NaN
1920,6.81,0.51,0.8,NaN,0.0588,0.0626,0.0856,0.054,NaN,NaN,0.053759,0.026455027,NaN,NaN,NaN,0.0334078,NaN,NaN,NaN,NaN,NaN,NaN,0.2314375,-0.1598995,0.112107,0.005,NaN,NaN
1921,7.31,0.46,0.29,0.596534654,0.039,0.055,0.0761,0.0447,NaN,NaN,0.05354,-0.108247423,NaN,NaN,NaN,0.01901912,NaN,NaN,NaN,NaN,NaN,NaN,-0.1740354,0.1667196,0.911547,-0.0093,NaN,-0.0198
1922,8.78,0.51,0.69,0.472649486,0.0365,0.0508,0.0702,0.0432,NaN,NaN,0.035564,-0.023121387,NaN,NaN,NaN,0.014713101,NaN,NaN,NaN,NaN,NaN,NaN,-0.08005,0.03233,-0.763626,-0.0015,-0.1238852,-0.0025
1923,8.55,0.53,0.98,0.540201005,0.0388,0.0509,0.0738,0.0435,NaN,NaN,0.039625,0.023668639,NaN,NaN,NaN,0.015696907,NaN,NaN,NaN,NaN,NaN,NaN,0.06501,-0.1447669,-0.312395,0.0003,0.06755,0.0023
1924,10.16,0.55,0.93,0.45888308,0.0257,0.0495,0.0646,0.0396,NaN,NaN,0.030409,0,NaN,NaN,NaN,0.010721562,NaN,NaN,NaN,NaN,NaN,NaN,-0.1354859,0.06359,0.089409,-0.0039,-0.08132,-0.0131
1925,12.46,0.6,1.25,0.389378271,0.0351,0.0485,0.0615,0.038,NaN,NaN,0.028754,0.034682081,NaN,NaN,NaN,0.013528506,NaN,NaN,NaN,NaN,NaN,NaN,-0.1170537,-0.08552,-0.208703,-0.0016,-0.0695,0.0094
1926,13.49,0.69,1.24,0.441475827,0.0307,0.0468,0.0568,0.0354,NaN,0.050876177,0.032898,-0.011173184,NaN,0.07769524,0.073744405,0.016486225,NaN,NaN,0.122004602,0.066031023,NaN,NaN,0.06034,-0.0643,0.147794,-0.0026,0.0521,-0.0044
1927,17.66,0.77,1.11,0.37468859,0.0317,0.0446,0.0532,0.0316,NaN,0.076471109,0.03039,-0.02259887,0.265512354,0.089448628,0.074436369,0.009419065,NaN,NaN,0.358791645,0.294560247,NaN,NaN,-0.1596546,0.03027,0.22045,-0.0038,-0.06679,0.001
1928,24.35,0.85,1.38,0.259666667,0.0426,0.0461,0.056,0.034,NaN,0.063068738,0.037847,-0.011560694,0.497429287,0.000827246,0.028411562,0.019799325,NaN,NaN,0.388440408,0.333130679,NaN,NaN,-0.2223838,-0.1705077,-0.118878,0.0024,-0.1150219,0.0109
1929,21.45,0.97,1.61,0.338457824,0.0303,0.0467,0.0595,0.034,NaN,0.163522172,0.046385,0.005847953,0.72059294,0.034099467,0.032730041,0.124614012,NaN,NaN,-0.088346978,-0.121345415,NaN,NaN,0.2588669,-0.1891699,-0.022091,0,0.07879,-0.0123
1930,15.34,0.98,0.97,0.554745413,0.0148,0.0452,0.0671,0.033,NaN,0.113885891,0.024314,-0.063953488,0.307847488,0.046429195,0.079750525,0.066648919,NaN,NaN,-0.263028518,-0.295860555,NaN,NaN,0.3455173,0.1370637,0.51695,-0.001,0.2162876,-0.0155
1931,8.12,0.82,0.61,1.170731707,0.0241,0.0532,0.1042,0.0407,NaN,-0.012921001,0.009682,-0.093167702,0.144664698,-0.053157349,-0.01850982,0.15940274,NaN,NaN,-0.455253213,-0.489203534,NaN,NaN,0.4578854,0.1570126,0.285589,0.0077,0.6159863,0.0093
1932,6.89,0.5,0.41,1.442084301,0.0004,0.0459,0.0842,0.0315,NaN,-0.00503248,0.01262,-0.102739726,0.037267081,0.168452113,0.108202241,0.307451657,NaN,NaN,-0.088907379,-0.148369395,NaN,NaN,-0.3304372,0.1414374,-0.097394,-0.0092,0.2713526,-0.0237
1933,10.1,0.44,0.44,0.829026046,0.0029,0.045,0.0775,0.0336,NaN,0.006195828,0.003726,0.007633588,0.401055409,-0.000693027,0.103760563,0.221816956,NaN,NaN,0.532511723,0.472273114,NaN,NaN,-0.5102977,0.03643,-0.198451,0.0021,-0.6130583,0.0025
1934,9.5,0.45,0.49,0.773740869,0.0023,0.0381,0.0623,0.0293,NaN,0.020812716,0.002227,0.015151515,0.071283096,0.100149979,0.138434461,0.06659176,NaN,NaN,-0.024841879,-0.06188622,NaN,NaN,0.08372,-0.3599915,-0.085158,-0.0043,-0.05529,-0.0006
1935,13.43,0.47,0.76,0.559911191,0.0015,0.0344,0.053,0.0276,NaN,0.008688835,0.001826,0.029850746,0.06619594,0.049960876,0.096148561,0.035506836,NaN,NaN,0.45633068,0.39969069,NaN,NaN,-0.3027141,0.1047287,-0.395428,-0.0017,-0.2138297,-0.0008
1936,17.18,0.72,1.02,0.458588105,0.0012,0.031,0.0453,0.0255,NaN,0.025224722,0.001776,0.014492754,0.120576671,0.074958063,0.067442837,0.031256437,NaN,NaN,0.334178354,0.279453312,NaN,NaN,0.1802636,0.08032,0.132279,-0.0021,-0.1013231,-0.0003
1937,10.55,0.8,1.13,0.707488622,0.0011,0.0321,0.0573,0.0273,NaN,0.0317754,0.002928,0.028571429,0.312371558,0.002326474,0.027467315,0.099632593,0.002833122,NaN,-0.359935285,-0.394225009,NaN,NaN,0.5929806,-0.1408944,0.002946,0.0018,0.2489005,-0.0001
1938,13.21,0.51,0.64,0.572039388,0.0003,0.0308,0.0527,0.0252,NaN,0.005721713,0.0008,-0.027777778,0.044922789,0.055118173,0.061326554,0.11214283,0.004166964,NaN,0.29308403,0.242537273,NaN,NaN,-0.6750493,0.03742,0.118304,-0.0021,-0.1354492,-0.0008
1939,12.49,0.62,0.9,0.58070538,0.0004,0.0294,0.0492,0.0226,NaN,0.002550784,0.000575,0,0.085489834,0.059497143,0.03966276,0.066420314,0.006074034,NaN,-0.011042432,-0.056695143,NaN,NaN,0.2513545,-0.02954,-0.145618,-0.0026,0.008666,0.0001
1940,10.58,0.67,1.05,0.72904751,0.0002,0.0271,0.0445,0.0194,NaN,0.012589189,0.000525,0.007142857,0.118711545,0.060922431,0.033940852,0.048049995,0.004261973,NaN,-0.097791805,-0.151699658,NaN,NaN,0.2435211,0.133604,-0.076592,-0.0032,0.1483421,-0.0002
1941,8.69,0.71,1.16,0.889509733,0.0033,0.028,0.0438,0.0204,NaN,0.010342826,0.000875,0.09929078,0.11420932,0.009318208,0.027314184,0.022472428,0.003446983,NaN,-0.113972166,-0.176767922,NaN,NaN,0.2547797,0.2239502,-0.041643,0.001,0.1604622,0.0031
1942,9.77,0.59,1.03,0.862646566,0.0038,0.0281,0.0428,0.0246,NaN,0.001812004,0.003329,0.090322581,0.123800384,0.032178429,0.025981138,0.018050979,0.005100943,NaN,0.209608774,0.129990877,NaN,NaN,-0.302286,0.01165,-0.066281,0.0042,-0.02686,0.0005
1943,11.67,0.61,0.94,0.787401575,0.0038,0.0274,0.0382,0.0248,NaN,0.014422539,0.003805,0.029585799,0.164305949,0.0208789,0.028325935,0.01608653,0.001962398,NaN,0.266658807,0.203312701,NaN,NaN,-0.1443686,-0.08381,0.124771,0.0002,-0.07524,0
1944,13.28,0.64,0.93,0.743763575,0.0038,0.027,0.0349,0.0246,NaN,0.019062447,0.003805,0.022988506,0.164524422,0.028150892,0.047321891,0.008399503,0.003522317,NaN,0.211633507,0.151353138,NaN,NaN,-0.08123,-0.1296958,0.058705,-0.0002,-0.04364,0
1945,17.36,0.66,0.96,0.613239334,0.0038,0.0261,0.031,0.0199,-0.052603832,0.025525278,0.003805,0.02247191,0.211740042,0.107309039,0.040756743,0.015969244,0.004328006,NaN,0.366645234,0.309747175,NaN,NaN,-0.2371379,-0.09847,-0.000977,-0.0047,-0.1305242,0
1946,15.3,0.71,1.06,0.692437923,0.0038,0.0261,0.0317,0.0212,0.05751219,0.03607606,0.003805,0.181318681,0.318482102,-0.000841924,0.017229556,0.046371092,0.001781041,NaN,-0.09279653,-0.128428177,NaN,NaN,0.199341,-0.1948844,-0.026066,0.0013,0.0792,0
1947,15.3,0.84,1.61,0.725325679,0.0095,0.0286,0.0352,0.0243,0.077722662,0.025921595,0.004858,0.088372093,0.239629866,-0.026274662,-0.023363835,0.01933852,0.004760925,0.034612683,0.049090889,-0.006499786,NaN,NaN,0.1681369,0.2944528,-0.249828,0.0031,0.03289,0.0057
1948,15.2,0.93,2.29,0.840947547,0.0116,0.0279,0.0353,0.0237,0.053876203,0.015014554,0.010138,0.02991453,0.157140449,0.033850148,0.041358787,0.02209981,0.00163301,0.034894678,0.052581722,-0.008405079,NaN,NaN,0.1083401,0.1017827,-0.250535,-0.0006,0.1156219,0.0021
1949,16.76,1.14,2.32,0.796429284,0.011,0.0258,0.0331,0.0209,0.05073565,0.027175585,0.011474,-0.020746888,0.191869113,0.06439053,0.033087624,0.012305916,0.004252018,0.029348021,0.180574489,0.097705313,NaN,NaN,0.1058993,0.2101564,0.190584,-0.0028,-0.04452,-0.0006
1950,20.41,1.47,2.84,0.722538442,0.0134,0.0267,0.032,0.0224,0.003779413,0.031358256,0.011726,0.059322034,0.227022781,0.00050483,0.021151812,0.021461309,0.005662515,0.034444845,0.329458209,0.230298829,NaN,NaN,0.0572,0.1565345,0.051997,0.0015,-0.07389,0.0024
1951,23.77,1.41,2.44,0.721316347,0.0173,0.0301,0.0361,0.0269,0.003907129,0.036150788,0.014629,0.06,0.264823666,-0.039421605,-0.02690309,0.01218224,0.004146893,0.032641895,0.234250517,0.160197552,NaN,NaN,-0.194072,-0.2387026,0.110133,0.0045,-0.001222,0.0039
1952,26.57,1.41,2.4,0.694073313,0.0209,0.0297,0.0351,0.0279,-0.000655606,0.026534716,0.016931,0.00754717,0.202497115,0.011693102,0.035209224,0.006590011,0.003445919,0.032668301,0.189422478,0.12279706,NaN,NaN,-0.1113585,-0.1523993,0.016529,0.001,-0.02724,0.0036
1953,24.81,1.45,2.51,0.759700961,0.016,0.0313,0.0374,0.0274,-0.019503226,0.024822272,0.02015,0.007490637,0.203978422,0.036258194,0.034114425,0.008279479,0.00279331,0.034003722,-0.017075142,-0.073017005,NaN,NaN,0.09651,-0.08338,-0.01684,-0.0005,0.06563,-0.0049
1954,35.98,1.54,2.77,0.604119785,0.0115,0.029,0.0345,0.0272,0.007086196,0.026992812,0.010742,-0.007434944,0.213197436,0.071776468,0.053858485,0.008389814,0.002845475,0.032552793,0.526483051,0.449936781,NaN,NaN,-0.3114976,0.1287548,-0.038346,-0.0002,-0.1555812,-0.0045
1955,45.48,1.64,3.62,0.50982801,0.0254,0.0315,0.0362,0.0295,-0.009458474,0.02524455,0.014855,0.003745318,0.275390625,-0.012834489,0.00479737,0.021620209,0.000243799,0.036592926,0.312982489,0.257907838,NaN,NaN,-0.1713956,-0.3088026,-0.204713,0.0023,-0.09429,0.0139
1956,46.67,1.74,3.41,0.544176827,0.0321,0.0375,0.0437,0.0345,-0.017590444,0.026149367,0.02554,0.029850746,0.268488893,-0.055942165,-0.068146268,0.013889924,0.000969841,0.035562063,0.064274332,0.02180892,NaN,NaN,0.03336,-0.1751206,0.118951,0.005,0.03435,0.0067
1957,39.99,1.79,3.37,0.653675779,0.0304,0.0381,0.0503,0.0323,-0.012732362,0.034873147,0.03318,0.028985507,0.227001009,0.074664669,0.087135458,0.017546851,0.000667927,0.034133663,-0.108147815,-0.1470137,NaN,NaN,0.1828026,0.002502,0.04013,-0.0022,0.109499,-0.0017
1958,55.21,1.75,2.89,0.51177932,0.0277,0.0408,0.0485,0.0382,0.010228356,0.023686832,0.019151,0.017605634,0.164835165,-0.061062035,-0.022169912,0.008489224,0.001585812,0.030798116,0.437416855,0.382752522,NaN,NaN,-0.3451145,0.1318723,0.131056,0.0059,-0.1418965,-0.0027
1959,59.89,1.83,3.39,0.457783797,0.0449,0.0458,0.0528,0.0447,0.007802547,0.022856304,0.032434,0.017301038,0.262439725,-0.022663557,-0.009667896,0.008449291,0.000975372,0.03255196,0.124008285,0.0880547,NaN,NaN,-0.03667,-0.2778145,-0.114873,0.0065,-0.054,0.0172
1960,58.11,1.95,3.27,0.550422965,0.0225,0.0435,0.051,0.038,0.013061797,0.022761361,0.032224,0.013605442,0.204155998,0.137933943,0.090664916,0.010160586,-0.001362514,0.032435687,0.005900758,-0.028461076,NaN,NaN,0.09369,-0.01785,0.099553,-0.0067,0.09264,-0.0224
1961,71.55,2.02,3.19,0.505922258,0.026,0.0442,0.051,0.0415,0.015326448,0.022324288,0.023326,0.006711409,0.284412033,0.009678427,0.048183189,0.006487873,-0.002210744,0.033051521,0.271070196,0.233555473,NaN,NaN,-0.1727906,0.06544,0.060037,0.0035,-0.0445,0.0035
1962,63.1,2.13,3.67,0.591627051,0.0287,0.0424,0.0492,0.0395,0.009824232,0.01996807,0.027351,0.013333333,0.162167212,0.068829489,0.079450363,0.02854498,-0.002796575,0.03373511,-0.087481619,-0.118394066,NaN,NaN,0.1787002,-0.1550343,-0.087146,-0.002,0.0857,0.0027
1963,75.02,2.28,4.02,0.525591454,0.0352,0.0435,0.0485,0.0417,0.00959218,0.00895473,0.030671,0.016447368,0.111474338,0.012143645,0.021948748,0.007412633,-0.001496869,0.035557103,0.226863256,0.187766724,NaN,NaN,-0.1049805,0.1937292,-0.023037,0.0022,-0.06604,0.0065
1964,84.75,2.5,4.55,0.4872273,0.0384,0.0444,0.0481,0.0423,-0.003204091,0.023095369,0.035642,0.009708738,0.221465931,0.035117029,0.047723132,0.002794589,-0.002380573,0.037453422,0.166792769,0.131851668,NaN,NaN,-0.02984,-0.08092,-0.03173,0.0006,-0.03836,0.0032
1965,92.43,2.72,5.19,0.430637806,0.0438,0.0468,0.0502,0.045,-0.008806423,0.020837519,0.039291,0.019230769,0.142071036,0.00701937,-0.004567939,0.004589193,-0.000812888,0.042050671,0.126104467,0.092224792,NaN,NaN,-0.002405,-0.03761,-0.047265,0.0027,-0.05659,0.0054
1966,80.33,2.87,5.55,0.576945106,0.0496,0.0539,0.0618,0.0455,-0.016586516,0.01720763,0.047937,0.034591195,0.139047198,0.036450083,0.00195292,0.01393529,-4.99E-05,0.042055352,-0.101955821,-0.132075553,NaN,NaN,0.1939886,-0.03307,-0.013384,0.0005,0.1463073,0.0058
1967,96.47,2.92,5.33,0.525792445,0.0497,0.0619,0.0693,0.0556,-0.029633866,0.01436111,0.043643,0.030395137,0.114686668,-0.091765265,-0.049505868,0.00698939,0.002952225,0.039524954,0.239615227,0.201047817,NaN,NaN,-0.1658173,0.15758,0.057718,0.0101,-0.05115,0.0001
1968,103.86,3.07,5.76,0.504900662,0.0596,0.0645,0.0723,0.0598,-0.032202602,0.031961447,0.053152,0.04719764,0.208640626,-0.002573778,0.025739132,0.007399454,0.002347561,0.03952227,0.108266274,0.074331613,NaN,NaN,-0.02372,-0.132995,-0.027492,0.0042,-0.02089,0.0099
1969,92.06,3.16,5.78,0.651082013,0.0782,0.0772,0.0865,0.0687,-0.031939146,0.034273783,0.065314,0.061971831,0.313951314,-0.050736015,-0.080904314,0.01001543,0.000822252,0.039302975,-0.083186742,-0.113055244,NaN,NaN,0.1494978,-0.04492,0.025428,0.0089,0.1461814,0.0186
1970,92.15,3.14,5.13,0.646426358,0.0487,0.0764,0.0912,0.0648,-0.042255182,0.031461707,0.06988,0.055702918,0.222884141,0.121021807,0.18371379,0.023043385,0.001512501,0.03564946,0.039870726,0.001636889,NaN,NaN,-0.007326,0.1142541,0.112949,-0.0039,-0.004656,-0.0295
1971,102.09,3.07,5.7,0.643900247,0.0401,0.0725,0.0838,0.0597,-0.055290336,0.034023359,0.044959,0.032663317,0.287447328,0.132367216,0.11012586,0.010461672,0.00225388,0.035800562,0.144509656,0.109119481,NaN,NaN,-0.1249823,-0.02352,-0.127906,-0.0051,-0.002526,-0.0086
1972,118.05,3.15,6.42,0.595674595,0.0507,0.0708,0.0793,0.0599,-0.048241101,0.034203484,0.041401,0.03406326,0.311294897,0.056824421,0.072597518,0.006361602,0.000311447,0.038138888,0.191170995,0.157628575,NaN,NaN,-0.1195286,-0.07671,-0.093227,0.0002,-0.04823,0.0106
1973,97.55,3.38,8.16,0.755588463,0.0745,0.0768,0.0848,0.0726,-0.058947563,0.013007395,0.068263,0.087058824,0.333083765,-0.011103879,0.011394965,0.025068713,-0.000640199,0.039821234,-0.147965985,-0.174878956,NaN,NaN,0.2612165,-0.07478,-0.169353,0.0127,0.1599139,0.0238
1974,68.56,3.6,8.89,1.120018175,0.0715,0.0889,0.1063,0.076,-0.047779969,0.008771574,0.080761,0.123376623,0.163064474,0.043426493,-0.030617513,0.048042836,-0.000830488,0.036229402,-0.264261677,-0.296619228,NaN,NaN,0.4157139,0.2538013,-0.022625,0.0034,0.3644297,-0.003
1975,90.19,3.68,7.96,0.876338851,0.0544,0.0879,0.1056,0.0805,-0.046257168,0.023711966,0.062403,0.069364162,0.202599873,0.091868877,0.146442563,0.024263391,-0.000465116,0.032915529,0.369624806,0.3136594,NaN,NaN,-0.2522304,0.3746347,0.132477,0.0045,-0.2436793,-0.0171
1976,107.46,4.05,9.91,0.779973125,0.0435,0.0798,0.0912,0.0721,-0.03606102,0.028566554,0.05336,0.048648649,0.207928029,0.16764511,0.186468694,0.01246713,-0.001122704,0.034312259,0.239159837,0.191175251,NaN,NaN,-0.0794,-0.1784052,-0.123311,-0.0084,-0.09637,-0.0109
1977,95.1,4.67,10.89,0.960333025,0.0607,0.0819,0.0899,0.0803,-0.030072979,0.030475399,0.050371,0.067010309,0.218935901,-0.006988548,0.017097783,0.008259753,-0.00183389,0.03685332,-0.074266055,-0.116925128,NaN,NaN,0.2646319,-0.03276,0.048142,0.0082,0.1803599,0.0172
1978,96.11,5.07,12.33,1.045701296,0.0908,0.0916,0.0994,0.0898,-0.028064197,0.014850552,0.069064,0.090177134,0.219449153,-0.01165869,-0.000703563,0.015801139,-0.001548154,0.040576039,0.064114882,0.009448029,NaN,NaN,0.07162,0.2043715,-0.042009,0.0095,0.08537,0.0301
1979,107.94,5.65,14.86,1.061950068,0.1204,0.1074,0.1206,0.1012,-0.018679702,0.010514465,0.098113,0.132939439,0.220056739,-0.012503116,-0.042004106,0.011823023,-0.000371131,0.040240954,0.18587755,0.122834994,NaN,NaN,-0.007767,0.09775,-0.078323,0.0114,0.01625,0.0296
1980,135.76,6.16,14.82,0.891503024,0.1549,0.1321,0.1514,0.1199,-0.012945092,0.026816375,0.116081,0.125162973,0.278024289,-0.039529864,-0.02756526,0.027341908,0.001020158,0.037735826,0.325901839,0.259840596,-0.27,NaN,-0.1428919,-0.02966,0.089117,0.0187,-0.170447,0.0345
1981,122.55,6.63,15.36,1.061142857,0.1085,0.1423,0.1655,0.1334,-0.006464724,0.011909646,0.153848,0.089223639,0.362175137,0.018569706,-0.012361932,0.018130675,-0.001279466,0.039035042,-0.048638944,-0.096532793,-0.02,NaN,0.1758975,-0.1557851,0.037739,0.0135,0.1696398,-0.0464
1982,140.64,6.87,12.64,0.932214727,0.0794,0.1183,0.1414,0.1095,-0.002793528,0.002990053,0.114356,0.038297872,0.364753903,0.403503691,0.425618993,0.033440926,-0.001346349,0.033716284,0.221405849,0.153918596,-0.2,NaN,-0.102125,0.1379288,0.23046,-0.0239,-0.1289281,-0.0291
1983,164.93,7.09,14.03,0.700359118,0.09,0.1257,0.1375,0.1197,0.012757427,0.027056897,0.087959,0.037909836,0.430007753,0.006519063,0.062585764,0.017870769,-0.001693727,0.035974135,0.222810524,0.170127229,-0.07,NaN,-0.1277965,-0.1061631,-0.07281,0.0102,-0.2318556,0.0106
1984,167.24,7.53,16.64,0.733098377,0.0806,0.1213,0.134,0.117,0.002425224,-0.027196787,0.100475,0.039486673,0.170737412,0.15492498,0.168601577,0.016250972,-0.001127664,0.039022325,0.066899078,0.01839496,-0.01,NaN,0.0463,-0.09911,-0.110402,-0.0027,0.03274,-0.0094
1985,211.28,7.9,14.61,0.592692688,0.071,0.1016,0.1158,0.0956,0.017045157,-0.019465082,0.078797,0.037986705,0.176455391,0.30971145,0.300908898,0.01051774,-0.001721356,0.038150638,0.31979426,0.266198131,-0.02,NaN,-0.1857866,0.03406,0.178071,-0.0214,-0.1404057,-0.0096
1986,242.17,8.28,14.48,0.498430866,0.0553,0.0849,0.0997,0.0789,0.009830192,-0.011375999,0.064184,0.010978957,0.164734155,0.245212379,0.198474773,0.021676163,-0.002240325,0.035256639,0.180654052,0.138698525,-0.05,NaN,-0.08948,-0.1867742,0.055918,-0.0167,-0.09426,-0.0157
1987,247.08,8.81,17.5,0.508812016,0.0577,0.1011,0.1129,0.092,0.022723397,0.013274756,0.059246,0.044343891,0.150406825,-0.027165685,-0.002675911,0.10332703,-0.00270069,0.034680415,0.051557898,0.016420105,-0.04,NaN,0.04197,-0.07441,-0.127388,0.0131,0.01038,0.0024
1988,277.72,9.75,23.75,0.465283574,0.0807,0.0957,0.1065,0.0918,0.023838098,-0.021405747,0.06442,0.044194108,0.114644401,0.096665852,0.107041209,0.029262023,-0.002291317,0.035065793,0.169617622,0.120568113,0.05,NaN,-0.01552,0.08131,-0.204002,-0.0002,-0.04353,0.023
1989,353.4,11.055,22.87,0.390454744,0.0763,0.0886,0.0982,0.0816,0.034406834,-0.012333537,0.084528,0.046473029,0.097787238,0.180974998,0.162313634,0.017238884,-0.002928834,0.035166134,0.313706518,0.267514017,0.05,NaN,-0.1153716,0.008714,0.163372,-0.0102,-0.07483,-0.0044
1990,330.22,12.086,21.34,0.48449686,0.0674,0.0905,0.1043,0.0844,0.033518414,-0.001845908,0.078775,0.061062649,0.078345326,0.0616925,0.067827349,0.02545019,-0.002338233,0.033511317,-0.031922098,-0.066185682,-0.03,22.57,0.1570064,-0.1518222,0.158408,0.0028,0.09404,-0.0089
1991,417.09,12.203,15.97,0.420344417,0.0407,0.0831,0.0926,0.073,0.028910176,0.031812384,0.059896,0.03064275,0.152766953,0.1926494,0.198889668,0.02067968,-0.001253216,0.031424872,0.306716848,0.265983041,-0.11,17.440001,-0.2239089,0.07748,0.299505,-0.0114,-0.06415,-0.0267
1992,435.71,12.385,19.09,0.394109614,0.0322,0.0798,0.0881,0.0726,0.015591381,0.038828688,0.037205,0.029006527,0.150194882,0.080535796,0.093934337,0.009422463,-0.001111524,0.032786832,0.077210467,0.045915917,0.02,15.36,-0.02887,-0.2187387,-0.163648,-0.0004,-0.02623,-0.0085
1993,466.45,12.577,21.89,0.305267223,0.0306,0.0693,0.0769,0.0654,0.029732568,0.04572687,0.030825,0.027484144,0.144115072,0.182345818,0.13185004,0.007417884,-0.001012497,0.034152457,0.098914427,0.068584607,0.19,12.43,-0.05279,-0.02829,-0.121482,-0.0072,-0.08884,-0.0016
1994,459.27,13.17,30.6,0.2915683,0.056,0.0846,0.091,0.0799,0.038738521,0.016594293,0.038849,0.026748971,0.120390285,-0.077770776,-0.057610696,0.009652284,-0.000576007,0.035685898,0.013609558,-0.014877025,0.19,13.86,0.06158,-0.0221,-0.288898,0.0145,-0.0137,0.0254
1995,615.93,13.788,33.96,0.255026383,0.0514,0.0682,0.0749,0.0603,0.041388057,0.015526517,0.056353,0.025384102,0.12124072,0.316564929,0.272042355,0.006427151,-0.000146604,0.036642111,0.376853868,0.342753758,0.09,12.295,-0.2476379,0.06137,-0.058326,-0.0196,-0.03654,-0.0046
1996,740.74,14.899,38.73,0.20734273,0.0491,0.072,0.0789,0.0673,0.046969791,0.024125687,0.051672,0.033224756,0.198665864,-0.009184554,0.01401567,0.014077612,-0.000396755,0.038824114,0.232180899,0.205370245,0.13,16.245,-0.1070209,-0.2159996,-0.053936,0.007,-0.04768,-0.0023
1997,970.43,15.497,39.72,0.178800884,0.0516,0.0676,0.0732,0.0602,0.047185793,0.015559471,0.050764,0.01702396,0.142700117,0.158659371,0.129494216,0.033200072,-0.000888779,0.040219715,0.336082603,0.312675327,0.27,20.950001,-0.2307372,-0.145164,0.014112,-0.0071,-0.02854,0.0025
1998,1229.23,16.195,37.71,0.173611315,0.0439,0.0622,0.0723,0.0542,0.037922013,0.020057029,0.050374,0.016119033,0.120658603,0.130704037,0.10755564,0.041258121,-0.001033873,0.042103893,0.293010082,0.273919645,0.08,23.1449995,-0.1923479,-0.2260335,0.095986,-0.006,-0.00519,-0.0077
1999,1469.25,16.692,48.17,0.147167259,0.052,0.0755,0.0819,0.0682,0.040038408,0.017888756,0.045972,0.026845638,0.13845605,-0.089898841,-0.074542595,0.032677859,0.000064278,0.042574431,0.213508139,0.197948171,0.2,24.1049995,-0.1481371,-0.206177,-0.214584,0.014,-0.02644,0.0081
2000,1320.28,16.271,50,0.151851504,0.0577,0.0721,0.0802,0.0558,0.037380217,-0.002261747,0.057655,0.033868093,0.140989561,0.214934372,0.128545365,0.049216562,-0.000524853,0.042939836,-0.085093015,-0.095480938,0.25,23.2399995,0.08136,-0.2039093,-0.062832,-0.0124,0.004684,0.0057
2001,1148.08,15.74,24.69,0.131217846,0.0169,0.0677,0.0805,0.0575,0.030135205,0.013464825,0.041411,0.015517241,0.086543116,0.037027522,0.106366572,0.045605697,-0.001336167,0.037531039,-0.119113543,-0.130692843,0.06,24.26,0.1065737,0.07373,0.672446,0.0017,-0.02063,-0.0408
2002,879.82,16.074,27.59,0.295385896,0.0119,0.0621,0.0745,0.0484,0.010398883,0.025735981,0.017134,0.0237691,0.082027658,0.178413928,0.166415175,0.067692321,-0.004144305,0.034090067,-0.217776499,-0.230561456,-0.08,26.3900005,0.2871267,0.1607507,-0.090057,-0.0091,0.164168,-0.005
2003,1111.92,17.385,48.74,0.218739865,0.009,0.0562,0.066,0.0515,0.010984748,0.006946316,0.010491,0.018794914,0.072423089,0.008959396,0.052725551,0.029260778,NaN,0.035067854,0.286921495,0.263896044,0.02,19.8549995,-0.1557215,0.3445336,-0.490642,0.0031,-0.07665,-0.0029
2004,1211.92,19.442,58.55,0.270619243,0.0219,0.0547,0.0615,0.0484,0.013184878,0.013001505,0.011952,0.032555616,0.078297462,0.084973184,0.087211543,0.012291491,NaN,0.035904078,0.10969037,0.087381828,0.24,15.325,0.02571,-0.1222983,-0.071553,-0.0031,0.05188,0.0129
2005,1248.29,22.216,69.83,0.313477957,0.0389,0.0537,0.0632,0.0461,0.032135108,0.003058886,0.028599,0.034156595,0.051071208,0.078075593,0.058722731,0.010540587,NaN,0.03642145,0.052074625,0.032873386,0.25,12.52,0.1038083,0.04726,-0.042806,-0.0023,0.04286,0.017
2006,1418.3,24.884,81.51,0.2816824,0.0485,0.0532,0.0622,0.0491,0.034179679,-0.015036779,0.045763,0.025406504,0.049123339,0.011759539,0.032355359,0.010061623,NaN,0.037512839,0.156801525,0.135087506,0.26,12,-0.01427,0.08384,-0.04125,0.003,-0.0318,0.0096
2007,1468.36,27.732,66.181,0.250582973,0.03,0.0549,0.0665,0.045,0.030016335,-0.040637294,0.046513,0.040812686,0.077726497,0.098927963,0.025890017,0.025359767,NaN,0.038252875,0.057184644,0.037261818,0.09,16.43,0.07367,-0.01932,0.316694,-0.0041,-0.0311,-0.0185
2008,903.25,28.387,14.88,0.354984225,0.0003,0.0505,0.0843,0.0303,0.017466969,-0.024498464,0.018242,0.000914129,0.217403737,0.258617706,0.087896464,0.168488573,NaN,0.033840944,-0.364595534,-0.379607536,-0.28,25.1,0.5092464,-0.01134,1.51572,-0.0147,0.1044013,-0.0297
2009,1115.1,22.405,50.97,0.32553066,0.0005,0.0526,0.0637,0.0458,-0.00842267,0.010594468,0.001351,0.027213311,0.197135238,-0.148982727,0.030012264,0.074395519,NaN,0.029637402,0.264801813,0.232909808,-0.26,28.5699995,-0.4473471,0.2492549,-1.467866,0.0155,-0.02945,0.0002
2010,1257.64,22.729,77.35,0.358100317,0.0014,0.0502,0.061,0.0414,-0.009375609,0.012611849,0.001175,0.014957235,0.129701667,0.10143661,0.124387394,0.032532519,NaN,0.031619655,0.151520841,0.126973639,-0.12,21.719999,-0.1059354,-0.1963425,-0.402746,-0.0044,0.03257,0.0009
2011,1257.6,26.425,86.95,0.357232541,0.0001,0.0393,0.0525,0.0248,-0.004723718,-0.006497331,0.000725,0.029624188,0.128186243,0.270962454,0.179396406,0.053954875,NaN,0.033837378,0.018230823,-0.002845713,-0.19,20.7150005,0.1507007,0.03038,0.033676,-0.0166,-0.0008678,-0.0013
2012,1426.19,31.247,86.51,0.349032443,0.0007,0.0365,0.0463,0.0241,-0.008498425,-0.011549118,0.000725,0.017410224,0.116498101,0.034386179,0.106748469,0.01617646,NaN,0.034449823,0.160961149,0.134092198,-0.07,17.5150005,0.04181,0.1676446,0.172686,-0.0007,-0.0082,0.0006
2013,1848.36,34.992,100.2,0.304408126,0.0007,0.0462,0.0538,0.0367,0.013184345,0.012143942,0.000575,0.015017356,0.128662278,-0.127860884,-0.070794925,0.012483037,NaN,0.035292871,0.325263072,0.297248463,0,13.745,-0.1460961,-0.01261,-0.033712,0.0126,-0.04462,0
2014,2058.9,39.443,102.31,0.323755672,0.0003,0.0379,0.0474,0.024,0.006591762,0.005625039,0.00045,0.007564933,0.10932131,0.247417149,0.172740669,0.012929521,NaN,0.03641046,0.135258968,0.112101849,0.07,13.67,0.01186,-0.1395551,0.098898,-0.0127,0.01935,-0.0004
2015,2043.94,43.388,86.53,0.313648814,0.0023,0.0397,0.0546,0.0243,-0.00701097,-0.022251554,0.00025,0.007295198,0.10325317,-0.006406586,-0.010095966,0.02391041,NaN,0.035168165,0.014935095,-0.006697014,0.11,15.315,0.1026189,-0.01255,0.262843,0.0003,-0.01011,0.002
2016,2238.83,45.701,94.55,0.293479097,0.0051,0.0406,0.0483,0.0272,-0.006256552,-0.025107879,0.002703,0.020746221,0.089541671,0.017610746,0.067008052,0.017119141,NaN,0.034912351,0.117976345,0.093351407,0.065,14.31,-0.03914,0.05923,-0.0367,0.0029,-0.02017,0.0028
2017,2673.61,48.932,109.88,0.235393343,0.0132,0.0351,0.0422,0.0254,-0.006707225,-0.019878875,0.008174,0.021090825,0.077460349,0.062342336,0.122435337,0.004563063,NaN,0.035432687,0.219860233,0.195310445,0.2,10.85,-0.1091648,-0.02276,-0.081949,-0.0018,-0.05809,0.0081
2018,2506.85,53.748,132.39,0.268166907,0.0237,0.0402,0.0513,0.0284,-0.016724852,-0.019227909,0.017741,0.019101589,0.081068869,-0.005623594,-0.047362017,0.028855034,NaN,0.035818495,-0.044919159,-0.063535083,0.03,15.49,0.1582775,-0.0836,-0.092488,0.003,0.03277,0.0105
2019,3230.78,58.24,139.47,0.221429501,0.0154,0.0301,0.0388,0.0186,-0.02622617,-0.007199155,0.022258,0.022851297,0.093927666,0.121652219,0.199393866,0.015757641,NaN,0.035386964,0.314993929,0.28899053,-0.07,14.865,-0.1734307,0.1446686,0.028169,-0.0098,-0.04674,-0.0083
2020,3756.07,58.279,94.13,0.216369517,0.0009,0.0226,0.0316,0.0093,-0.144457214,-9.79E-05,0.005256,0.013620055,0.129298886,0.166611839,0.153948992,0.118727021,NaN,0.032975433,0.193039283,0.171270308,-0.295,26.700001,-0.1499802,-0.2530272,0.393842,-0.0093,-0.00506,-0.0145
2021,4766.18,60.397,197.87,0.175598949,0.0006,0.0265,0.033,0.0147,-0.105336319,0.012974421,0.0005,0.070364029,0.166104521,-0.054275013,-0.026525913,0.017330919,NaN,0.033450956,0.28475436,0.266829544,0.05,18.6850005,-0.2024743,-0.114952,-0.707236,0.0054,-0.04077,-0.0003
2022,3839.5,66.923,172.75,0.216198725,0.0425,0.0443,0.0559,0.0362,-0.005055998,-0.021255225,0.012844,0.064544013,0.047872706,-0.124626493,-0.157615714,0.058111642,NaN,0.034075384,-0.1818862,-0.19528849,-0.12,25.469999,0.3188063,-0.1355687,0.238368,0.0215,0.0406,0.0419
2023,4769.83,70.304,192.43,0.194279999,0.0524,0.0474,0.0564,0.0402,-0.021569707,-0.017441345,0.049439,0.033521228,0.044938871,0.040532081,0.085186308,0.017141646,NaN,0.034337103,0.266135653,0.24561599,-0.06,16.9350005,-0.1676825,0.265489,-0.058601,0.004,-0.02192,0.0099